gen,fidelity,predicates,uncovered,rules
1,1.0,7.0,302.0,[mean texture == -0.22]→0 | [worst concave points >= -1.29 AND mean radius == -0.32 AND compactness error >= 1.24]→0 | [worst concave points >= -1.24 AND mean perimeter >= 0.95]→0 | [mean smoothness == 2.99]→0
2,1.0,7.0,302.0,[mean texture == -0.22]→0 | [worst concave points >= -1.29 AND mean radius == -0.32 AND compactness error >= 1.24]→0 | [worst concave points >= -1.24 AND mean perimeter >= 0.95]→0 | [mean smoothness == 2.99]→0
3,1.0,7.0,302.0,[mean texture == -0.22]→0 | [worst concave points >= -1.29 AND mean radius == -0.32 AND compactness error >= 1.24]→0 | [worst concave points >= -1.24 AND mean perimeter >= 0.95]→0 | [mean smoothness == 2.99]→0
4,1.0,7.0,302.0,[mean texture == -0.22]→0 | [worst concave points >= -1.29 AND mean radius == -0.32 AND compactness error >= 1.24]→0 | [worst concave points >= -1.24 AND mean perimeter >= 0.95]→0 | [mean smoothness == 2.99]→0
5,1.0,4.0,283.0,[worst fractal dimension >= 4.28 AND mean smoothness >= 0.14]→0 | [worst area >= 0.60 AND mean fractal dimension <= 3.64]→0
6,1.0,4.0,283.0,[worst fractal dimension >= 4.28 AND mean smoothness >= 0.14]→0 | [worst area >= 0.60 AND mean fractal dimension <= 3.64]→0
7,1.0,4.0,283.0,[worst fractal dimension >= 4.28 AND mean smoothness >= 0.14]→0 | [worst area >= 0.60 AND mean fractal dimension <= 3.64]→0
8,1.0,4.0,283.0,[worst fractal dimension >= 4.28 AND mean smoothness >= 0.14]→0 | [worst area >= 0.60 AND mean fractal dimension <= 3.64]→0
9,1.0,4.0,283.0,[worst fractal dimension >= 4.28 AND mean smoothness >= 0.14]→0 | [worst area >= 0.60 AND mean fractal dimension <= 3.64]→0
10,1.0,4.0,283.0,[worst fractal dimension >= 4.28 AND mean smoothness >= 0.14]→0 | [worst area >= 0.60 AND mean fractal dimension <= 3.64]→0
11,1.0,4.0,283.0,[worst fractal dimension >= 4.28 AND mean smoothness >= 0.14]→0 | [worst area >= 0.60 AND mean fractal dimension <= 3.64]→0
12,1.0,4.0,283.0,[worst fractal dimension >= 4.28 AND mean smoothness >= 0.14]→0 | [worst area >= 0.60 AND mean fractal dimension <= 3.64]→0
13,1.0,4.0,283.0,[worst fractal dimension >= 4.28 AND mean smoothness >= 0.14]→0 | [worst area >= 0.60 AND mean fractal dimension <= 3.64]→0
14,1.0,4.0,283.0,[worst fractal dimension >= 4.28 AND mean smoothness >= 0.14]→0 | [worst area >= 0.60 AND mean fractal dimension <= 3.64]→0
15,1.0,4.0,283.0,[worst fractal dimension >= 4.28 AND mean smoothness >= 0.14]→0 | [worst area >= 0.60 AND mean fractal dimension <= 3.64]→0
16,1.0,4.0,283.0,[worst fractal dimension >= 4.28 AND mean smoothness >= 0.14]→0 | [worst area >= 0.60 AND mean fractal dimension <= 3.64]→0
17,1.0,4.0,283.0,[worst fractal dimension >= 4.28 AND mean smoothness >= 0.14]→0 | [worst area >= 0.60 AND mean fractal dimension <= 3.64]→0
18,1.0,4.0,283.0,[worst fractal dimension >= 4.28 AND mean smoothness >= 0.14]→0 | [worst area >= 0.60 AND mean fractal dimension <= 3.64]→0
19,1.0,4.0,283.0,[worst fractal dimension >= 4.28 AND mean smoothness >= 0.14]→0 | [worst area >= 0.60 AND mean fractal dimension <= 3.64]→0
20,1.0,4.0,283.0,[worst fractal dimension >= 4.28 AND mean smoothness >= 0.14]→0 | [worst area >= 0.60 AND mean fractal dimension <= 3.64]→0
21,1.0,3.0,278.0,[worst area >= 0.60 AND mean fractal dimension <= 3.64]→0 | [worst fractal dimension > 3.07]→0
22,1.0,3.0,278.0,[worst area >= 0.60 AND mean fractal dimension <= 3.64]→0 | [worst fractal dimension > 3.07]→0
23,1.0,3.0,278.0,[worst area >= 0.60 AND mean fractal dimension <= 3.64]→0 | [worst fractal dimension > 3.07]→0
24,1.0,3.0,278.0,[worst area >= 0.60 AND mean fractal dimension <= 3.64]→0 | [worst fractal dimension > 3.07]→0
25,1.0,3.0,278.0,[worst area >= 0.60 AND mean fractal dimension <= 3.64]→0 | [worst fractal dimension > 3.07]→0
26,1.0,3.0,278.0,[worst area >= 0.60 AND mean fractal dimension <= 3.64]→0 | [worst fractal dimension > 3.07]→0
27,1.0,3.0,278.0,[worst area >= 0.60 AND mean fractal dimension <= 3.64]→0 | [worst fractal dimension > 3.07]→0
28,1.0,3.0,278.0,[worst area >= 0.60 AND mean fractal dimension < 3.64]→0 | [worst fractal dimension > 3.07]→0
29,1.0,3.0,278.0,[worst area >= 0.60 AND mean fractal dimension <= 3.64]→0 | [worst fractal dimension > 3.07]→0
30,1.0,3.0,278.0,[worst area >= 0.60 AND mean fractal dimension < 3.64]→0 | [worst fractal dimension > 3.07]→0
31,1.0,3.0,278.0,[worst area >= 0.60 AND mean fractal dimension <= 3.64]→0 | [worst fractal dimension > 3.07]→0
32,1.0,3.0,278.0,[worst area >= 0.60 AND mean fractal dimension <= 3.64]→0 | [worst fractal dimension > 3.07]→0
33,1.0,3.0,278.0,[worst area >= 0.60 AND mean fractal dimension < 3.64]→0 | [worst fractal dimension > 3.07]→0
34,1.0,3.0,278.0,[worst area >= 0.60 AND mean fractal dimension <= 3.64]→0 | [worst fractal dimension > 3.07]→0
35,1.0,3.0,278.0,[worst area >= 0.60 AND mean fractal dimension <= 3.64]→0 | [worst fractal dimension > 3.07]→0
36,1.0,3.0,278.0,[worst area >= 0.60 AND mean fractal dimension <= 3.64]→0 | [worst fractal dimension > 3.07]→0
37,1.0,3.0,278.0,[worst area >= 0.60 AND mean fractal dimension <= 3.64]→0 | [worst fractal dimension > 3.07]→0
38,1.0,3.0,278.0,[worst area >= 0.60 AND mean fractal dimension <= 3.64]→0 | [worst fractal dimension > 3.07]→0
39,1.0,3.0,278.0,[worst area >= 0.60 AND mean fractal dimension <= 3.64]→0 | [worst fractal dimension > 3.07]→0
40,1.0,3.0,278.0,[worst area >= 0.60 AND mean fractal dimension <= 3.64]→0 | [worst fractal dimension > 3.07]→0
41,1.0,3.0,278.0,[worst area >= 0.60 AND mean fractal dimension <= 3.64]→0 | [worst fractal dimension > 3.07]→0
42,1.0,3.0,278.0,[worst area >= 0.60 AND mean fractal dimension <= 3.64]→0 | [worst fractal dimension > 3.07]→0
43,1.0,3.0,278.0,[worst area >= 0.60 AND mean fractal dimension <= 3.64]→0 | [worst fractal dimension > 3.07]→0
44,1.0,3.0,278.0,[worst area >= 0.60 AND mean fractal dimension <= 3.64]→0 | [worst fractal dimension > 3.07]→0
45,1.0,3.0,278.0,[worst area >= 0.60 AND mean fractal dimension <= 3.64]→0 | [worst fractal dimension > 3.07]→0
46,1.0,3.0,278.0,[worst area >= 0.60 AND mean fractal dimension <= 3.64]→0 | [worst fractal dimension > 3.07]→0
47,1.0,3.0,278.0,[worst area >= 0.60 AND mean fractal dimension <= 3.64]→0 | [worst fractal dimension > 3.07]→0
48,1.0,3.0,278.0,[worst area >= 0.60 AND mean fractal dimension <= 3.64]→0 | [worst fractal dimension > 3.07]→0
49,1.0,3.0,278.0,[worst area >= 0.60 AND mean fractal dimension <= 3.64]→0 | [worst fractal dimension > 3.07]→0
50,1.0,3.0,278.0,[worst area >= 0.60 AND mean fractal dimension <= 3.64]→0 | [worst fractal dimension > 3.07]→0
51,1.0,3.0,278.0,[worst area >= 0.60 AND mean fractal dimension <= 3.64]→0 | [worst fractal dimension > 3.07]→0
52,1.0,3.0,278.0,[worst area >= 0.60 AND mean fractal dimension <= 3.64]→0 | [worst fractal dimension > 3.07]→0
53,1.0,3.0,278.0,[worst area >= 0.60 AND mean fractal dimension <= 3.64]→0 | [worst fractal dimension > 3.07]→0
54,1.0,3.0,278.0,[worst area >= 0.60 AND mean fractal dimension <= 3.64]→0 | [worst fractal dimension > 3.07]→0
55,1.0,3.0,278.0,[worst area >= 0.60 AND mean fractal dimension <= 3.64]→0 | [worst fractal dimension > 3.07]→0
56,1.0,3.0,278.0,[worst area >= 0.60 AND mean fractal dimension <= 3.64]→0 | [worst fractal dimension > 3.07]→0
57,1.0,3.0,278.0,[worst area >= 0.60 AND mean fractal dimension <= 3.64]→0 | [worst fractal dimension > 3.07]→0
58,1.0,3.0,278.0,[worst area >= 0.60 AND mean fractal dimension <= 3.64]→0 | [worst fractal dimension > 3.07]→0
59,1.0,3.0,278.0,[worst area >= 0.60 AND mean fractal dimension <= 3.64]→0 | [worst fractal dimension > 3.07]→0
60,1.0,5.0,277.0,[worst area >= 0.60 AND mean fractal dimension < 3.64]→0 | [worst fractal dimension > 3.07]→0 | [worst smoothness <= -2.29 AND mean area <= 1.77]→1
61,1.0,5.0,277.0,[worst area >= 0.60 AND mean fractal dimension < 3.64]→0 | [worst fractal dimension > 3.07]→0 | [worst smoothness <= -2.29 AND mean area <= 1.77]→1
62,1.0,5.0,277.0,[worst area >= 0.60 AND mean fractal dimension < 3.64]→0 | [worst fractal dimension > 3.07]→0 | [worst smoothness <= -2.29 AND mean area <= 1.77]→1
63,1.0,5.0,277.0,[worst area >= 0.60 AND mean fractal dimension < 3.64]→0 | [worst fractal dimension > 3.07]→0 | [worst smoothness <= -2.29 AND mean area <= 1.77]→1
64,1.0,5.0,277.0,[worst area >= 0.60 AND mean fractal dimension < 3.64]→0 | [worst fractal dimension > 3.07]→0 | [worst smoothness <= -2.29 AND mean area <= 1.77]→1
65,1.0,5.0,277.0,[worst area >= 0.60 AND mean fractal dimension < 3.64]→0 | [worst fractal dimension > 3.07]→0 | [worst smoothness <= -2.29 AND mean area <= 1.77]→1
66,1.0,5.0,277.0,[worst area >= 0.60 AND mean fractal dimension < 3.64]→0 | [worst fractal dimension > 3.07]→0 | [worst smoothness <= -2.29 AND mean area <= 1.77]→1
67,1.0,5.0,277.0,[worst area >= 0.60 AND mean fractal dimension < 3.64]→0 | [worst fractal dimension > 3.07]→0 | [worst smoothness <= -2.29 AND mean area <= 1.77]→1
68,1.0,5.0,277.0,[worst area >= 0.60 AND mean fractal dimension < 3.64]→0 | [worst fractal dimension > 3.07]→0 | [worst smoothness <= -2.29 AND mean area <= 1.77]→1
69,1.0,5.0,277.0,[worst area >= 0.60 AND mean fractal dimension < 3.64]→0 | [worst fractal dimension > 3.07]→0 | [worst smoothness <= -2.29 AND mean area <= 1.77]→1
70,1.0,5.0,277.0,[worst area >= 0.60 AND mean fractal dimension < 3.64]→0 | [worst fractal dimension > 3.07]→0 | [worst smoothness <= -2.29 AND mean area <= 1.77]→1
71,1.0,5.0,277.0,[worst area >= 0.60 AND mean fractal dimension < 3.64]→0 | [worst fractal dimension > 3.07]→0 | [worst smoothness <= -2.29 AND mean area <= 1.77]→1
72,1.0,5.0,277.0,[worst area >= 0.60 AND mean fractal dimension < 3.64]→0 | [worst fractal dimension > 3.07]→0 | [worst smoothness <= -2.29 AND mean area <= 1.77]→1
73,1.0,5.0,277.0,[worst area >= 0.60 AND mean fractal dimension < 3.64]→0 | [worst fractal dimension > 3.07]→0 | [worst smoothness <= -2.29 AND mean area <= 1.77]→1
74,1.0,5.0,277.0,[worst area >= 0.60 AND mean fractal dimension < 3.64]→0 | [worst fractal dimension > 3.07]→0 | [worst smoothness <= -2.29 AND mean area <= 1.77]→1
75,1.0,5.0,277.0,[worst area >= 0.60 AND mean fractal dimension < 3.64]→0 | [worst fractal dimension > 3.07]→0 | [worst smoothness <= -2.29 AND mean area <= 1.77]→1
76,1.0,5.0,277.0,[worst area >= 0.60 AND mean fractal dimension < 3.64]→0 | [worst fractal dimension > 3.07]→0 | [worst smoothness <= -2.29 AND mean area <= 4.71]→1
77,1.0,5.0,277.0,[worst area >= 0.60 AND mean fractal dimension < 3.64]→0 | [worst fractal dimension > 3.07]→0 | [worst smoothness <= -2.29 AND mean area <= 4.71]→1
78,1.0,5.0,277.0,[worst area >= 0.60 AND mean fractal dimension < 3.64]→0 | [worst fractal dimension > 3.07]→0 | [worst smoothness <= -2.29 AND mean area <= 4.71]→1
79,1.0,5.0,277.0,[worst area >= 0.60 AND mean fractal dimension < 3.64]→0 | [worst fractal dimension > 3.07]→0 | [worst smoothness <= -2.29 AND mean area <= 4.71]→1
80,1.0,5.0,277.0,[worst area >= 0.60 AND mean fractal dimension < 3.64]→0 | [worst fractal dimension > 3.07]→0 | [worst smoothness <= -2.29 AND mean area <= 4.71]→1
81,1.0,5.0,277.0,[worst area >= 0.60 AND mean fractal dimension < 3.64]→0 | [worst fractal dimension > 3.07]→0 | [worst smoothness <= -2.29 AND mean area <= 4.71]→1
82,1.0,5.0,277.0,[worst area >= 0.60 AND mean fractal dimension < 3.64]→0 | [worst fractal dimension > 3.07]→0 | [worst smoothness <= -2.29 AND mean area <= 4.71]→1
83,1.0,5.0,277.0,[worst area >= 0.60 AND mean fractal dimension < 3.64]→0 | [worst fractal dimension > 3.07]→0 | [worst smoothness <= -2.29 AND mean area <= 4.71]→1
84,1.0,5.0,277.0,[worst area >= 0.60 AND mean fractal dimension < 3.64]→0 | [worst fractal dimension > 3.07]→0 | [worst smoothness <= -2.29 AND mean area <= 4.71]→1
85,1.0,5.0,277.0,[worst area >= 0.60 AND mean fractal dimension < 3.64]→0 | [worst fractal dimension > 3.07]→0 | [worst smoothness <= -2.29 AND mean area <= 4.71]→1
86,1.0,5.0,277.0,[worst area >= 0.60 AND mean fractal dimension < 3.64]→0 | [worst fractal dimension > 3.07]→0 | [worst smoothness <= -2.29 AND mean area <= 4.71]→1
87,1.0,5.0,277.0,[worst area >= 0.60 AND mean fractal dimension < 3.64]→0 | [worst fractal dimension > 3.07]→0 | [worst smoothness <= -2.29 AND mean area <= 4.71]→1
88,1.0,5.0,277.0,[worst area >= 0.60 AND mean fractal dimension < 3.64]→0 | [worst fractal dimension > 3.07]→0 | [worst smoothness <= -2.29 AND mean area <= 4.71]→1
89,1.0,5.0,277.0,[worst area >= 0.60 AND mean fractal dimension <= 3.64]→0 | [worst fractal dimension > 3.07]→0 | [worst smoothness <= -2.29 AND mean area <= 4.71]→1
90,1.0,5.0,277.0,[worst area >= 0.60 AND mean fractal dimension < 3.64]→0 | [worst fractal dimension > 3.07]→0 | [worst smoothness <= -2.29 AND mean area <= 4.71]→1
91,1.0,5.0,277.0,[worst area >= 0.60 AND mean fractal dimension <= 3.64]→0 | [worst fractal dimension > 3.07]→0 | [worst smoothness <= -2.29 AND mean area <= 4.71]→1
92,1.0,5.0,277.0,[worst area >= 0.60 AND mean fractal dimension < 3.64]→0 | [worst fractal dimension > 3.07]→0 | [worst smoothness <= -2.29 AND mean area <= 4.71]→1
93,1.0,5.0,277.0,[worst area >= 0.60 AND mean fractal dimension <= 3.64]→0 | [worst fractal dimension > 3.07]→0 | [worst smoothness <= -2.29 AND mean area <= 4.71]→1
94,1.0,5.0,277.0,[worst area >= 0.60 AND mean fractal dimension <= 3.64]→0 | [worst fractal dimension > 3.07]→0 | [worst smoothness <= -2.29 AND mean area <= 4.71]→1
95,1.0,5.0,277.0,[worst area >= 0.60 AND mean fractal dimension <= 3.64]→0 | [worst fractal dimension > 3.07]→0 | [worst smoothness <= -2.29 AND mean area <= 4.71]→1
96,1.0,5.0,277.0,[worst area >= 0.60 AND mean fractal dimension <= 3.64]→0 | [worst fractal dimension > 3.07]→0 | [worst smoothness <= -2.29 AND mean area <= 4.71]→1
97,1.0,5.0,277.0,[worst area >= 0.60 AND mean fractal dimension <= 3.64]→0 | [worst fractal dimension > 3.07]→0 | [worst smoothness <= -2.29 AND mean area <= 4.71]→1
98,1.0,5.0,277.0,[worst area >= 0.60 AND mean fractal dimension <= 3.64]→0 | [worst fractal dimension > 3.07]→0 | [worst smoothness <= -2.29 AND mean area <= 4.71]→1
99,1.0,5.0,277.0,[worst area >= 0.60 AND mean fractal dimension <= 3.64]→0 | [worst fractal dimension > 3.07]→0 | [worst smoothness <= -2.29 AND mean area <= 4.71]→1
100,1.0,5.0,277.0,[worst area >= 0.60 AND mean fractal dimension <= 3.64]→0 | [worst fractal dimension > 3.07]→0 | [worst smoothness <= -2.29 AND mean area <= 4.71]→1
101,1.0,5.0,277.0,[worst area >= 0.60 AND mean fractal dimension <= 3.64]→0 | [worst fractal dimension > 3.07]→0 | [worst smoothness <= -2.29 AND mean area <= 4.71]→1
102,1.0,5.0,277.0,[worst area >= 0.60 AND mean fractal dimension <= 3.64]→0 | [worst fractal dimension > 3.07]→0 | [worst smoothness <= -2.29 AND mean area <= 4.71]→1
103,1.0,5.0,277.0,[worst area >= 0.60 AND mean fractal dimension <= 3.64]→0 | [worst fractal dimension > 3.07]→0 | [worst smoothness <= -2.29 AND mean area <= 4.71]→1
104,1.0,5.0,277.0,[worst area >= 0.60 AND mean fractal dimension <= 3.64]→0 | [worst fractal dimension > 3.07]→0 | [worst smoothness <= -2.29 AND mean area <= 4.71]→1
105,1.0,5.0,277.0,[worst area >= 0.60 AND mean fractal dimension <= 3.64]→0 | [worst fractal dimension > 3.07]→0 | [worst smoothness <= -2.29 AND mean area <= 4.71]→1
106,1.0,5.0,277.0,[worst area >= 0.60 AND mean fractal dimension <= 3.64]→0 | [worst fractal dimension > 3.07]→0 | [worst smoothness <= -2.29 AND mean area <= 4.71]→1
107,1.0,5.0,277.0,[worst area >= 0.60 AND mean fractal dimension <= 3.64]→0 | [worst fractal dimension > 3.07]→0 | [worst smoothness <= -2.29 AND mean area <= 4.71]→1
108,1.0,5.0,277.0,[worst area >= 0.60 AND mean fractal dimension <= 3.64]→0 | [worst fractal dimension > 3.07]→0 | [worst smoothness <= -2.29 AND mean area <= 4.71]→1
109,1.0,5.0,277.0,[worst area >= 0.60 AND mean fractal dimension <= 3.64]→0 | [worst fractal dimension > 3.07]→0 | [worst smoothness <= -2.35 AND mean area <= 4.71]→1
110,1.0,5.0,277.0,[worst area >= 0.60 AND mean fractal dimension <= 3.64]→0 | [worst fractal dimension > 3.07]→0 | [worst smoothness <= -2.29 AND mean area <= 4.71]→1
111,1.0,5.0,277.0,[worst area >= 0.60 AND mean fractal dimension <= 3.64]→0 | [worst fractal dimension > 3.07]→0 | [worst smoothness <= -2.29 AND mean area <= 4.71]→1
112,1.0,5.0,277.0,[worst area >= 0.60 AND mean fractal dimension <= 3.64]→0 | [worst fractal dimension > 3.07]→0 | [worst smoothness <= -2.29 AND mean area <= 4.71]→1
113,1.0,5.0,277.0,[worst area >= 0.60 AND mean fractal dimension <= 3.64]→0 | [worst fractal dimension > 3.07]→0 | [worst smoothness <= -2.29 AND mean area <= 4.71]→1
114,1.0,5.0,277.0,[worst area >= 0.60 AND mean fractal dimension <= 3.64]→0 | [worst fractal dimension > 3.07]→0 | [worst smoothness <= -2.29 AND mean area <= 4.71]→1
115,1.0,5.0,277.0,[worst area >= 0.60 AND mean fractal dimension <= 3.64]→0 | [worst fractal dimension > 3.07]→0 | [worst smoothness <= -2.29 AND mean area <= 4.71]→1
116,1.0,5.0,277.0,[worst area >= 0.60 AND mean fractal dimension <= 3.64]→0 | [worst fractal dimension > 3.07]→0 | [worst smoothness <= -2.29 AND mean area <= 4.71]→1
117,1.0,7.0,273.0,[mean concavity < -0.30 AND worst smoothness <= -1.16 AND radius error <= 0.07]→1 | [mean radius > 0.93]→0 | [smoothness error > 6.55]→1 | [mean smoothness > 2.99]→0 | [mean area >= 2.51]→0
118,1.0,7.0,273.0,[mean concavity < -0.30 AND worst smoothness <= -1.16 AND radius error <= 0.07]→1 | [mean radius > 0.93]→0 | [smoothness error > 6.55]→1 | [mean smoothness > 2.99]→0 | [mean area >= 2.51]→0
119,1.0,7.0,273.0,[mean concavity < -0.30 AND worst smoothness <= -1.16 AND radius error <= 0.07]→1 | [mean radius > 0.93]→0 | [smoothness error > 6.55]→1 | [mean smoothness > 2.99]→0 | [mean area >= 2.51]→0
120,1.0,7.0,273.0,[mean concavity < -0.30 AND worst smoothness <= -1.16 AND radius error <= 0.07]→1 | [mean radius > 0.93]→0 | [smoothness error > 6.55]→1 | [mean smoothness > 2.99]→0 | [mean area >= 2.51]→0
121,1.0,7.0,273.0,[mean concavity < -0.30 AND worst smoothness <= -1.16 AND radius error <= 0.07]→1 | [mean radius > 0.93]→0 | [smoothness error > 6.55]→1 | [mean smoothness > 2.99]→0 | [mean area >= 2.51]→0
122,1.0,7.0,273.0,[mean concavity < -0.30 AND worst smoothness <= -1.16 AND radius error <= 0.07]→1 | [mean radius > 0.93]→0 | [smoothness error > 6.55]→1 | [mean smoothness > 2.99]→0 | [mean area >= 2.51]→0
123,1.0,7.0,273.0,[mean concavity < -0.30 AND worst smoothness <= -1.16 AND radius error <= 0.07]→1 | [mean radius > 0.93]→0 | [smoothness error > 6.55]→1 | [mean smoothness > 2.99]→0 | [mean area >= 2.51]→0
124,1.0,7.0,273.0,[mean concavity < -0.30 AND worst smoothness <= -1.16 AND radius error <= 0.07]→1 | [mean radius > 0.93]→0 | [smoothness error > 6.55]→1 | [mean smoothness > 2.99]→0 | [mean area >= 2.51]→0
125,1.0,7.0,273.0,[mean concavity < -0.30 AND worst smoothness <= -1.16 AND radius error <= 0.07]→1 | [mean radius > 0.93]→0 | [smoothness error > 6.55]→1 | [mean smoothness > 2.99]→0 | [mean area >= 2.51]→0
126,1.0,7.0,273.0,[mean concavity < -0.30 AND worst smoothness <= -1.16 AND radius error <= 0.07]→1 | [mean radius > 0.93]→0 | [smoothness error > 6.55]→1 | [mean smoothness > 2.99]→0 | [mean area > 2.51]→0
127,1.0,7.0,273.0,[mean concavity < -0.30 AND worst smoothness <= -1.16 AND radius error <= 0.07]→1 | [mean radius > 0.93]→0 | [smoothness error > 6.55]→1 | [mean smoothness > 2.99]→0 | [mean area >= 2.51]→0
128,1.0,7.0,273.0,[mean concavity < -0.30 AND worst smoothness <= -1.16 AND radius error <= 0.07]→1 | [mean radius > 0.93]→0 | [smoothness error > 6.55]→1 | [mean smoothness > 2.99]→0 | [mean area > 2.51]→0
129,1.0,7.0,273.0,[mean concavity < -0.30 AND worst smoothness <= -1.16 AND radius error <= 0.07]→1 | [mean radius > 0.93]→0 | [smoothness error > 6.55]→1 | [mean smoothness > 2.99]→0 | [mean area >= 2.51]→0
130,1.0,7.0,273.0,[mean concavity < -0.30 AND worst smoothness <= -1.16 AND radius error <= 0.07]→1 | [mean radius > 0.93]→0 | [smoothness error > 6.55]→1 | [mean smoothness > 2.99]→0 | [mean area > 2.51]→0
131,1.0,7.0,273.0,[mean concavity < -0.30 AND worst smoothness <= -1.16 AND radius error <= 0.07]→1 | [mean radius > 0.93]→0 | [mean smoothness > 2.99]→0 | [mean smoothness > 2.99]→0 | [mean area >= 2.51]→0
132,1.0,7.0,273.0,[mean concavity < -0.30 AND worst smoothness <= -1.16 AND radius error <= 0.07]→1 | [mean radius > 0.93]→0 | [smoothness error > 6.55]→1 | [mean smoothness > 2.99]→0 | [mean area > 2.51]→0
133,1.0,7.0,273.0,[mean concavity < -0.30 AND worst smoothness <= -1.16 AND radius error <= 0.07]→1 | [mean radius > 0.93]→0 | [smoothness error > 6.55]→1 | [mean smoothness > 2.99]→0 | [mean area > 2.51]→0
134,1.0,7.0,273.0,[mean concavity < -0.30 AND worst smoothness <= -1.16 AND radius error <= 0.07]→1 | [mean radius > 0.93]→0 | [smoothness error > 6.55]→1 | [mean smoothness > 2.99]→0 | [mean area > 2.51]→0
135,1.0,7.0,273.0,[mean concavity < -0.30 AND worst smoothness <= -1.16 AND radius error <= 0.07]→1 | [mean radius > 0.93]→0 | [smoothness error > 6.55]→1 | [mean smoothness > 2.99]→0 | [mean area > 2.51]→0
136,1.0,9.0,112.0,[mean concavity < -0.46 AND worst smoothness <= 3.59 AND radius error <= 1.69]→1 | [worst area >= 0.60 AND mean fractal dimension <= 3.64]→0 | [mean smoothness > 2.99]→0 | [mean texture < -1.20]→1 | [concavity error > 5.68 AND mean smoothness >= -0.30]→0
137,1.0,9.0,112.0,[mean concavity < -0.46 AND worst smoothness <= 3.59 AND radius error <= 1.69]→1 | [worst area >= 0.60 AND mean fractal dimension <= 3.64]→0 | [mean smoothness > 2.99]→0 | [mean texture < -1.20]→1 | [concavity error > 5.68 AND mean smoothness >= -0.30]→0
138,1.0,9.0,112.0,[mean concavity < -0.46 AND worst smoothness <= 3.59 AND radius error <= 1.69]→1 | [worst area >= 0.60 AND mean fractal dimension <= 3.64]→0 | [mean smoothness > 2.99]→0 | [mean texture < -1.20]→1 | [concavity error > 5.68 AND mean smoothness >= -0.30]→0
139,1.0,9.0,112.0,[mean concavity < -0.46 AND worst smoothness <= 3.59 AND radius error <= 1.69]→1 | [worst area >= 0.60 AND mean fractal dimension <= 3.64]→0 | [mean smoothness > 2.99]→0 | [mean texture < -1.20]→1 | [concavity error > 5.68 AND mean smoothness >= -0.30]→0
140,1.0,9.0,112.0,[mean concavity < -0.46 AND worst smoothness <= 3.59 AND radius error <= 1.69]→1 | [worst area >= 0.60 AND mean fractal dimension <= 3.64]→0 | [mean smoothness > 2.99]→0 | [mean texture < -1.20]→1 | [concavity error > 5.68 AND mean smoothness >= -0.30]→0
141,1.0,9.0,112.0,[mean concavity < -0.46 AND worst smoothness <= 3.59 AND radius error <= 1.69]→1 | [worst area >= 0.60 AND mean fractal dimension <= 3.64]→0 | [mean smoothness > 2.99]→0 | [mean texture < -1.20]→1 | [concavity error > 5.68 AND mean smoothness >= -0.30]→0
142,1.0,9.0,112.0,[mean concavity < -0.46 AND worst smoothness <= 3.59 AND radius error <= 1.69]→1 | [worst area >= 0.60 AND mean fractal dimension <= 3.64]→0 | [mean smoothness > 2.99]→0 | [mean texture < -1.20]→1 | [concavity error > 5.68 AND mean smoothness >= -0.30]→0
143,1.0,9.0,112.0,[mean concavity < -0.46 AND worst smoothness <= 3.59 AND radius error <= 1.69]→1 | [worst area >= 0.60 AND mean fractal dimension <= 3.64]→0 | [mean smoothness > 2.99]→0 | [mean texture < -1.20]→1 | [concavity error > 5.68 AND mean smoothness >= -0.30]→0
144,1.0,9.0,112.0,[mean concavity < -0.46 AND worst smoothness <= 3.59 AND radius error <= 1.69]→1 | [worst area >= 0.60 AND mean fractal dimension <= 3.64]→0 | [mean smoothness > 2.99]→0 | [mean texture < -1.20]→1 | [concavity error > 5.68 AND mean smoothness >= -0.30]→0
145,1.0,9.0,112.0,[mean concavity < -0.46 AND worst smoothness <= 3.59 AND radius error <= 1.69]→1 | [worst area >= 0.60 AND mean fractal dimension <= 3.64]→0 | [mean smoothness > 2.99]→0 | [mean texture < -1.20]→1 | [concavity error > 5.68 AND mean smoothness >= -0.30]→0
146,1.0,9.0,112.0,[mean concavity < -0.46 AND worst smoothness <= 3.59 AND radius error <= 1.69]→1 | [worst area >= 0.60 AND mean fractal dimension <= 3.64]→0 | [mean smoothness > 2.99]→0 | [mean texture < -1.20]→1 | [concavity error > 5.68 AND mean smoothness >= -0.30]→0
147,1.0,9.0,112.0,[mean concavity < -0.46 AND worst smoothness <= 3.59 AND radius error <= 1.69]→1 | [worst area >= 0.60 AND mean fractal dimension <= 3.64]→0 | [mean smoothness > 2.99]→0 | [mean texture < -1.20]→1 | [concavity error > 5.68 AND mean smoothness >= -0.30]→0
148,1.0,9.0,112.0,[mean concavity < -0.46 AND worst smoothness <= 3.59 AND radius error <= 1.69]→1 | [worst area >= 0.60 AND mean fractal dimension <= 3.64]→0 | [mean smoothness > 2.99]→0 | [mean texture < -1.20]→1 | [concavity error > 5.68 AND mean smoothness >= -0.30]→0
149,1.0,9.0,112.0,[mean concavity < -0.46 AND worst smoothness <= 3.59 AND radius error <= 1.69]→1 | [worst area >= 0.60 AND mean fractal dimension <= 3.64]→0 | [mean smoothness > 2.99]→0 | [mean texture < -1.20]→1 | [concavity error > 5.68 AND mean smoothness >= -0.30]→0
150,1.0,9.0,112.0,[mean concavity < -0.46 AND worst smoothness <= 3.59 AND radius error <= 1.69]→1 | [worst area >= 0.60 AND mean fractal dimension <= 3.64]→0 | [mean smoothness > 2.99]→0 | [mean texture < -1.20]→1 | [concavity error > 5.68 AND mean smoothness >= -0.30]→0
151,1.0,9.0,112.0,[mean concavity < -0.46 AND worst smoothness <= 3.59 AND radius error <= 1.69]→1 | [worst area >= 0.60 AND mean fractal dimension <= 3.64]→0 | [mean smoothness > 2.99]→0 | [mean texture < -1.20]→1 | [concavity error > 5.68 AND mean smoothness >= -0.30]→0
152,1.0,9.0,112.0,[mean concavity < -0.46 AND worst smoothness <= 3.59 AND radius error <= 1.69]→1 | [worst area >= 0.60 AND mean fractal dimension <= 3.64]→0 | [mean smoothness > 2.99]→0 | [mean texture < -1.20]→1 | [concavity error > 5.68 AND mean smoothness >= -0.30]→0
153,1.0,9.0,112.0,[mean concavity < -0.46 AND worst smoothness <= 3.59 AND radius error <= 1.69]→1 | [worst area >= 0.60 AND mean fractal dimension <= 3.64]→0 | [mean smoothness > 2.99]→0 | [mean texture < -1.20]→1 | [concavity error > 5.68 AND mean smoothness >= -0.30]→0
154,1.0,9.0,112.0,[mean concavity < -0.46 AND worst smoothness <= 3.59 AND radius error <= 1.69]→1 | [worst area >= 0.60 AND mean fractal dimension <= 3.64]→0 | [mean smoothness > 2.99]→0 | [mean texture < -1.20]→1 | [concavity error > 5.68 AND mean smoothness >= -0.30]→0
155,1.0,9.0,112.0,[mean concavity < -0.46 AND worst smoothness <= 3.59 AND radius error <= 1.18]→1 | [worst area >= 0.60 AND mean fractal dimension <= 3.64]→0 | [mean smoothness > 2.99]→0 | [mean texture < -1.20]→1 | [concavity error > 5.68 AND mean smoothness >= -0.30]→0
156,1.0,9.0,112.0,[mean concavity < -0.46 AND worst smoothness <= 3.59 AND radius error <= 1.69]→1 | [worst area >= 0.60 AND mean fractal dimension <= 3.64]→0 | [mean smoothness > 2.99]→0 | [mean texture < -1.20]→1 | [concavity error > 5.68 AND mean smoothness >= -0.30]→0
157,1.0,9.0,112.0,[mean concavity < -0.46 AND worst smoothness <= 3.59 AND radius error <= 1.18]→1 | [worst area >= 0.60 AND mean fractal dimension <= 3.64]→0 | [mean smoothness > 2.99]→0 | [mean texture < -1.20]→1 | [concavity error > 5.68 AND mean smoothness >= -0.30]→0
158,1.0,9.0,112.0,[mean concavity < -0.46 AND worst smoothness <= 3.59 AND radius error <= 1.69]→1 | [worst area >= 0.60 AND mean fractal dimension <= 3.64]→0 | [mean smoothness > 2.99]→0 | [mean texture < -1.20]→1 | [concavity error > 5.68 AND mean smoothness >= -0.30]→0
159,1.0,9.0,112.0,[mean concavity < -0.46 AND worst smoothness <= 3.59 AND radius error <= 1.18]→1 | [worst area >= 0.60 AND mean fractal dimension <= 3.64]→0 | [mean smoothness > 2.99]→0 | [mean texture < -1.20]→1 | [concavity error > 5.68 AND mean smoothness >= -0.30]→0
160,1.0,9.0,112.0,[mean concavity < -0.46 AND worst smoothness <= 3.59 AND radius error <= 1.69]→1 | [worst area >= 0.60 AND mean fractal dimension <= 3.64]→0 | [mean smoothness > 2.99]→0 | [mean texture < -1.20]→1 | [concavity error > 5.68 AND mean smoothness >= -0.30]→0
161,1.0,9.0,112.0,[mean concavity < -0.46 AND worst smoothness <= 3.59 AND radius error <= 1.18]→1 | [worst area >= 0.60 AND mean fractal dimension <= 3.64]→0 | [mean smoothness > 2.99]→0 | [mean texture < -1.20]→1 | [concavity error > 5.68 AND mean smoothness >= -0.30]→0
162,1.0,9.0,112.0,[mean concavity < -0.46 AND worst smoothness <= 3.59 AND radius error <= 1.69]→1 | [worst area >= 0.60 AND mean fractal dimension <= 3.64]→0 | [mean smoothness > 2.99]→0 | [mean texture < -1.20]→1 | [concavity error > 5.68 AND mean smoothness >= -0.30]→0
163,1.0,9.0,112.0,[mean concavity < -0.46 AND worst smoothness <= 3.59 AND radius error <= 1.18]→1 | [worst area >= 0.60 AND mean fractal dimension <= 3.64]→0 | [mean smoothness > 2.99]→0 | [mean texture < -1.20]→1 | [concavity error > 5.68 AND mean smoothness >= -0.30]→0
164,1.0,9.0,112.0,[mean concavity < -0.46 AND worst smoothness <= 3.59 AND radius error <= 1.69]→1 | [worst area >= 0.60 AND mean fractal dimension <= 3.64]→0 | [mean smoothness > 2.99]→0 | [mean texture < -1.20]→1 | [concavity error > 5.68 AND mean smoothness >= -0.30]→0
165,1.0,9.0,112.0,[mean concavity < -0.46 AND worst smoothness <= 3.59 AND radius error <= 1.69]→1 | [worst area >= 0.60 AND mean fractal dimension <= 3.64]→0 | [mean smoothness > 2.99]→0 | [mean texture < -1.20]→1 | [concavity error > 5.68 AND mean smoothness >= -0.30]→0
166,1.0,9.0,112.0,[mean concavity < -0.46 AND worst smoothness <= 3.59 AND radius error <= 1.18]→1 | [worst area >= 0.60 AND mean fractal dimension <= 3.64]→0 | [mean smoothness > 2.99]→0 | [mean texture < -1.20]→1 | [concavity error > 5.68 AND mean smoothness >= -0.30]→0
167,1.0,9.0,112.0,[mean concavity < -0.46 AND worst smoothness <= 3.59 AND radius error <= 1.69]→1 | [worst area >= 0.60 AND mean fractal dimension <= 3.64]→0 | [mean smoothness > 2.99]→0 | [mean texture < -1.20]→1 | [concavity error > 5.68 AND mean smoothness >= -0.30]→0
168,1.0,9.0,112.0,[mean concavity < -0.46 AND worst smoothness <= 3.59 AND radius error <= 5.01]→1 | [worst area >= 0.60 AND mean fractal dimension <= 3.64]→0 | [mean smoothness > 2.99]→0 | [mean texture < -1.20]→1 | [concavity error > 5.68 AND mean smoothness >= -0.30]→0
169,1.0,9.0,112.0,[mean concavity < -0.46 AND worst smoothness <= 3.59 AND radius error <= 1.69]→1 | [worst area >= 0.60 AND mean fractal dimension <= 3.64]→0 | [mean smoothness > 2.99]→0 | [mean texture < -1.20]→1 | [concavity error > 5.68 AND mean smoothness >= -0.30]→0
170,1.0,9.0,112.0,[mean concavity < -0.46 AND worst smoothness <= 3.59 AND radius error <= 5.01]→1 | [worst area >= 0.60 AND mean fractal dimension <= 3.64]→0 | [mean smoothness > 2.99]→0 | [mean texture < -1.20]→1 | [concavity error > 5.68 AND mean smoothness >= -0.30]→0
171,1.0,9.0,112.0,[mean concavity < -0.46 AND worst smoothness <= 3.59 AND radius error <= 1.69]→1 | [worst area >= 0.60 AND mean fractal dimension <= 3.64]→0 | [mean smoothness > 2.99]→0 | [mean texture < -1.20]→1 | [concavity error > 5.68 AND mean smoothness >= -0.30]→0
172,1.0,9.0,112.0,[mean concavity < -0.46 AND worst smoothness <= 3.59 AND radius error <= 5.01]→1 | [worst area >= 0.60 AND mean fractal dimension <= 3.64]→0 | [mean smoothness > 2.99]→0 | [mean texture < -1.20]→1 | [concavity error > 5.68 AND mean smoothness >= -0.30]→0
173,1.0,9.0,112.0,[mean concavity < -0.46 AND worst smoothness <= 3.59 AND radius error <= 5.01]→1 | [worst area >= 0.60 AND mean fractal dimension <= 3.64]→0 | [mean smoothness > 2.99]→0 | [mean texture < -1.20]→1 | [concavity error > 5.68 AND mean smoothness >= -0.30]→0
174,1.0,9.0,112.0,[mean concavity < -0.46 AND worst smoothness <= 3.59 AND radius error <= 5.01]→1 | [worst area >= 0.60 AND mean fractal dimension <= 3.64]→0 | [mean smoothness > 2.99]→0 | [mean texture < -1.20]→1 | [concavity error > 5.68 AND mean smoothness >= -0.30]→0
175,1.0,9.0,112.0,[mean concavity < -0.46 AND worst smoothness <= 3.59 AND radius error <= 5.01]→1 | [worst area >= 0.60 AND mean fractal dimension <= 3.64]→0 | [mean smoothness > 2.99]→0 | [mean texture < -1.20]→1 | [concavity error > 5.68 AND mean smoothness >= -0.30]→0
176,1.0,9.0,112.0,[mean concavity < -0.46 AND worst smoothness <= 3.59 AND radius error <= 5.01]→1 | [worst area >= 0.60 AND mean fractal dimension <= 3.64]→0 | [mean smoothness > 2.99]→0 | [mean texture < -1.20]→1 | [concavity error > 5.68 AND mean smoothness >= -0.30]→0
177,1.0,7.0,109.0,[mean concavity < -0.46 AND worst smoothness <= 3.59 AND radius error <= 1.18]→1 | [worst area >= 0.33 AND mean fractal dimension <= 3.64]→0 | [mean smoothness > 2.99]→0 | [mean texture < -1.20]→1
178,1.0,7.0,109.0,[mean concavity < -0.46 AND worst smoothness <= 3.59 AND radius error <= 1.18]→1 | [worst area >= 0.33 AND mean fractal dimension <= 3.64]→0 | [mean smoothness > 2.99]→0 | [mean texture < -1.20]→1
179,1.0,7.0,109.0,[mean concavity < -0.46 AND worst smoothness <= 3.59 AND radius error <= 1.18]→1 | [worst area >= 0.33 AND mean fractal dimension <= 3.64]→0 | [mean smoothness > 2.99]→0 | [mean texture < -1.20]→1
180,1.0,7.0,109.0,[mean concavity < -0.46 AND worst smoothness <= 3.59 AND radius error <= 1.18]→1 | [worst area >= 0.33 AND mean fractal dimension <= 3.64]→0 | [mean smoothness > 2.99]→0 | [mean texture < -1.20]→1
181,1.0,7.0,109.0,[mean concavity < -0.46 AND worst smoothness <= 3.59 AND radius error <= 1.18]→1 | [worst area >= 0.33 AND mean fractal dimension <= 3.64]→0 | [mean smoothness > 2.99]→0 | [mean texture < -1.20]→1
182,1.0,7.0,109.0,[mean concavity < -0.46 AND worst smoothness <= 3.59 AND radius error <= 1.18]→1 | [worst area >= 0.33 AND mean fractal dimension <= 3.64]→0 | [mean smoothness > 2.99]→0 | [mean texture < -1.20]→1
183,1.0,7.0,109.0,[mean concavity < -0.46 AND worst smoothness <= 3.59 AND radius error <= 1.18]→1 | [worst area >= 0.33 AND mean fractal dimension <= 3.64]→0 | [mean smoothness > 2.99]→0 | [mean texture < -1.20]→1
184,1.0,7.0,109.0,[mean concavity < -0.46 AND worst smoothness <= 3.59 AND radius error <= 1.18]→1 | [worst area >= 0.33 AND mean fractal dimension <= 3.64]→0 | [mean smoothness > 2.99]→0 | [mean texture < -1.20]→1
185,1.0,7.0,109.0,[mean concavity < -0.46 AND worst smoothness <= 3.59 AND radius error <= 1.18]→1 | [worst area >= 0.33 AND mean fractal dimension <= 3.64]→0 | [mean smoothness > 2.99]→0 | [mean texture < -1.20]→1
186,1.0,7.0,109.0,[mean concavity < -0.46 AND worst smoothness <= 3.59 AND radius error <= 1.18]→1 | [worst area >= 0.33 AND mean fractal dimension <= 3.64]→0 | [mean smoothness > 2.99]→0 | [mean texture < -1.20]→1
187,1.0,7.0,109.0,[mean concavity < -0.46 AND worst smoothness <= 3.59 AND radius error <= 1.18]→1 | [worst area >= 0.33 AND mean fractal dimension <= 3.64]→0 | [mean smoothness > 2.99]→0 | [mean texture < -1.20]→1
188,1.0,7.0,109.0,[mean concavity < -0.46 AND worst smoothness <= 3.59 AND radius error <= 1.18]→1 | [worst area >= 0.33 AND mean fractal dimension <= 3.64]→0 | [mean smoothness > 2.99]→0 | [mean texture < -1.20]→1
189,1.0,7.0,109.0,[mean concavity < -0.46 AND worst smoothness <= 3.59 AND radius error <= 1.18]→1 | [worst area >= 0.33 AND mean fractal dimension <= 3.64]→0 | [mean smoothness > 2.99]→0 | [mean texture < -1.20]→1
190,1.0,7.0,109.0,[mean concavity < -0.46 AND worst smoothness <= 3.59 AND radius error <= 1.18]→1 | [worst area >= 0.33 AND mean fractal dimension <= 3.64]→0 | [mean smoothness > 2.99]→0 | [mean texture < -1.20]→1
191,1.0,7.0,109.0,[mean concavity < -0.46 AND worst smoothness <= 3.59 AND radius error <= 1.18]→1 | [worst area >= 0.33 AND mean fractal dimension <= 3.64]→0 | [mean smoothness > 2.99]→0 | [mean texture < -1.20]→1
192,1.0,7.0,109.0,[mean concavity < -0.46 AND worst smoothness <= 3.59 AND radius error <= 1.18]→1 | [worst area >= 0.33 AND mean fractal dimension <= 3.64]→0 | [mean smoothness > 2.99]→0 | [mean texture < -1.20]→1
193,1.0,7.0,109.0,[mean concavity < -0.46 AND worst smoothness <= 3.59 AND radius error <= 1.18]→1 | [worst area >= 0.33 AND mean fractal dimension <= 3.64]→0 | [mean smoothness > 2.99]→0 | [mean texture < -1.20]→1
194,1.0,7.0,109.0,[mean concavity < -0.46 AND worst smoothness <= 3.59 AND radius error <= 1.18]→1 | [worst area >= 0.33 AND mean fractal dimension <= 3.64]→0 | [mean smoothness > 2.99]→0 | [mean texture < -1.20]→1
195,1.0,7.0,109.0,[mean concavity < -0.46 AND worst smoothness <= 3.59 AND radius error <= 1.18]→1 | [worst area >= 0.33 AND mean fractal dimension <= 3.64]→0 | [mean smoothness > 2.99]→0 | [mean texture < -1.20]→1
196,1.0,7.0,109.0,[mean concavity < -0.46 AND worst smoothness <= 3.59 AND radius error <= 1.18]→1 | [worst area >= 0.33 AND mean fractal dimension <= 3.64]→0 | [mean smoothness > 2.99]→0 | [mean texture < -1.20]→1
197,1.0,7.0,109.0,[mean concavity < -0.46 AND worst smoothness <= 3.59 AND radius error <= 1.18]→1 | [worst area >= 0.33 AND mean fractal dimension <= 3.64]→0 | [mean smoothness > 2.99]→0 | [mean texture < -1.20]→1
198,1.0,7.0,109.0,[mean concavity < -0.46 AND worst smoothness <= 3.59 AND radius error <= 1.18]→1 | [worst area >= 0.33 AND mean fractal dimension <= 3.64]→0 | [mean texture < -1.20]→1 | [worst radius >= 0.47]→0
199,1.0,7.0,109.0,[mean concavity < -0.46 AND worst smoothness <= 3.59 AND radius error <= 1.18]→1 | [worst area >= 0.33 AND mean fractal dimension <= 3.64]→0 | [mean smoothness > 2.99]→0 | [mean texture < -1.20]→1
200,1.0,7.0,109.0,[mean concavity < -0.46 AND worst smoothness <= 3.59 AND radius error <= 1.18]→1 | [worst area >= 0.33 AND mean fractal dimension <= 3.64]→0 | [mean smoothness > 2.99]→0 | [mean texture < -1.20]→1
